factory_id,sector,country,month,monthly_production_tons,energy_used_mwh,co2_emissions_kg,emission_per_mwh,energy_per_ton,intensity_diff
FAC_001,Steel,India,1,2089.2943670773316,5334.288377293265,1725527.9838748574,323.4785714285714,2.553153093862635,42.19285714285712
FAC_001,Steel,India,2,1563.9944343423958,5028.159411065538,1626501.8232066073,323.47857142857146,3.2149471255501627,42.19285714285718
FAC_001,Steel,India,3,1099.232564657469,5225.70005511807,1690401.9885437998,323.47857142857134,4.753953097037701,42.192857142857065
FAC_001,Steel,India,4,1966.2836453573098,6421.039740317021,2077068.7622838349,323.4785714285714,3.2655714527647413,42.19285714285712
FAC_001,Steel,India,5,1549.5743792183364,4596.386127122289,1486832.418135622,323.47857142857146,2.966224912314876,42.19285714285718
FAC_001,Steel,India,6,1158.8142724444972,4381.102078356273,1417192.641589432,323.4785714285714,3.7806766645309082,42.19285714285712
FAC_001,Steel,India,7,1815.6478033767673,7623.725353885318,2466111.7864386025,323.47857142857134,4.1989009871334115,42.192857142857065
FAC_001,Steel,India,8,1438.2573370695657,5103.97872940145,1651027.747988596,323.4785714285714,3.548724277534891,42.19285714285712
FAC_001,Steel,India,9,2083.235276938292,7814.23628735378,2527737.9910385045,323.4785714285714,3.751009966977075,42.19285714285712
FAC_001,Steel,India,10,1339.295153301377,5985.8734267664795,1936301.784842668,323.4785714285714,4.4694206590767065,42.19285714285712
FAC_001,Steel,India,11,1222.018842276307,5225.70005511807,1690401.9885437998,323.47857142857134,4.276284353671613,42.192857142857065
FAC_001,Steel,India,12,1421.0656260551712,3959.907238046007,1280945.1363527821,323.4785714285714,2.7865759085585458,42.19285714285712
FAC_002,Electronics,China,1,234.78873402097287,852.4951312766823,189333.07940561345,222.09285714285716,3.630903053468195,-39.19285714285712
FAC_002,Electronics,China,2,272.5741004405546,697.0474972430093,154809.27022697777,222.09285714285713,2.5572770711391475,-39.19285714285715
FAC_002,Electronics,China,3,224.22325625150765,649.1909593164767,144180.6749859086,222.0928571428571,2.8952882505117556,-39.19285714285718
FAC_002,Electronics,China,4,150.59256634859472,657.8585519103924,146105.68538964164,222.09285714285713,4.368466305219663,-39.19285714285715
FAC_002,Electronics,China,5,172.1656714157143,559.6893646362156,124303.0101045275,222.0928571428571,3.2508766703251757,-39.19285714285718
FAC_002,Electronics,China,6,254.2604109271295,699.6180233195754,155380.16570768255,222.09285714285713,2.751580636436887,-39.19285714285715
FAC_002,Electronics,China,7,177.8836574579524,678.87630598257,150773.57844225748,222.09285714285713,3.81640627185238,-39.19285714285715
FAC_002,Electronics,China,8,294.4612576867475,1242.463254712833,275942.21413418656,222.09285714285716,4.2194455884399735,-39.19285714285712
FAC_002,Electronics,China,9,246.41360863609276,1021.0568563661301,226769.43453565773,222.09285714285713,4.143670725077696,-39.19285714285715
FAC_002,Electronics,China,10,240.54264511104148,927.0486141661552,205890.8754304876,222.09285714285716,3.8539886087067954,-39.19285714285712
FAC_002,Electronics,China,11,245.7702776570529,771.4943564516326,171343.38589393292,222.0928571428571,3.139087296504476,-39.19285714285718
FAC_002,Electronics,China,12,318.1884462518391,1198.3424962224415,266143.3088217455,222.09285714285713,3.766140821071737,-39.19285714285715
FAC_003,Steel,United States,1,890.2743648435352,3245.4750249569065,716600.8855104849,220.79999999999998,3.645477341726329,28.799999999999983
FAC_003,Steel,United States,2,2033.5314729345807,7814.07599748704,1725347.9802451383,220.79999999999998,3.842613749277546,28.799999999999983
FAC_003,Steel,United States,3,1435.1897485255463,5622.296426416295,1241403.0509527177,220.79999999999995,3.9174586023850897,28.799999999999955
FAC_003,Steel,United States,4,1280.5325446933753,3626.895932947699,800818.6219948519,220.79999999999998,2.8323340534981583,28.799999999999983
FAC_003,Steel,United States,5,1561.721505749532,5248.857780373681,1158947.7979065087,220.79999999999998,3.360943523573075,28.799999999999983
FAC_003,Steel,United States,6,1556.4182945136743,6149.283874212131,1357761.8794260384,220.79999999999995,3.950919811138281,28.799999999999955
FAC_003,Steel,United States,7,2523.000463478142,5225.70005511807,1153834.5721700697,220.79999999999995,2.0712243738211833,28.799999999999955
FAC_003,Steel,United States,8,1994.7952370054309,5991.813458164625,1322992.4115627492,220.79999999999998,3.003723563707463,28.799999999999983
FAC_003,Steel,United States,9,1316.1822464151758,5856.999531385344,1293225.496529884,220.79999999999998,4.449991289077011,28.799999999999983
FAC_003,Steel,United States,10,1260.4765720054868,4773.906688262803,1054078.596768427,220.8,3.787382323708927,28.80000000000001
FAC_003,Steel,United States,11,1554.1947970657202,4795.172402963538,1058774.066574349,220.79999999999998,3.085309777137782,28.799999999999983
FAC_003,Steel,United States,12,1703.4353582879614,5912.94871313968,1305579.0758612412,220.79999999999998,3.471190547014647,28.799999999999983
FAC_004,Electronics,China,1,308.7109912210502,974.0428863346274,216327.9676057326,222.09285714285713,3.1551934140147644,-39.19285714285715
FAC_004,Electronics,China,2,340.6482887103958,1016.8611219758608,225837.59189711028,222.09285714285716,2.985076266859956,-39.19285714285712
FAC_004,Electronics,China,3,241.65719103364728,647.8787152769632,143889.2349579044,222.09285714285713,2.6809825625538926,-39.19285714285715
FAC_004,Electronics,China,4,131.88699266617715,590.7827348393241,131208.62553113647,222.09285714285716,4.4794617186751,-39.19285714285712
FAC_004,Electronics,China,5,267.6645426166604,978.6746165826777,217356.6418100371,222.09285714285713,3.656347632059359,-39.19285714285715
FAC_004,Electronics,China,6,151.66461755714863,449.2868006005129,99783.38922194105,222.09285714285713,2.9623705768500517,-39.19285714285715
FAC_004,Electronics,China,7,240.1439876072864,728.9352181201691,161891.30526436013,222.09285714285713,3.0354089868459067,-39.19285714285715
FAC_004,Electronics,China,8,99.39256086713362,329.9049008074948,73269.5220057674,222.09285714285716,3.3192111957806016,-39.19285714285712
FAC_004,Electronics,China,9,293.8785355461108,1171.6237666624445,260209.26983453846,222.09285714285713,3.9867619609755804,-39.19285714285715
FAC_004,Electronics,China,10,323.2861030934837,1414.6020864810773,314173.01910682954,222.09285714285713,4.375697170230732,-39.19285714285715
FAC_004,Electronics,China,11,242.34382417813,863.0669615559773,191681.00739757143,222.09285714285713,3.561332600419795,-39.19285714285715
FAC_004,Electronics,China,12,353.3048101587588,1174.8527701402854,260926.4084426564,222.09285714285716,3.3253234497780007,-39.19285714285712
FAC_005,Electronics,United States,1,185.16753536189603,802.2437527971261,130926.18045649098,163.2,4.332529194327726,-28.80000000000001
FAC_005,Electronics,United States,2,359.23498821103516,1499.237503308183,244675.5605398955,163.20000000000002,4.173417268663834,-28.799999999999983
FAC_005,Electronics,United States,3,149.0685763882349,574.3837374147442,93739.42594608625,163.2,3.85315102170706,-28.80000000000001
FAC_005,Electronics,United States,4,265.2797119752285,701.8568039911032,114543.03041134804,163.2,2.645723635498525,-28.80000000000001
FAC_005,Electronics,United States,5,259.11675913064533,979.4840547285863,159851.7977317053,163.20000000000002,3.7800876254196107,-28.799999999999983
FAC_005,Electronics,United States,6,245.3812067281916,1101.116058186867,179702.14069609667,163.2,4.487369154584734,-28.80000000000001
FAC_005,Electronics,United States,7,210.42725717828503,759.7620907935678,123993.17321751027,163.2,3.610568806444393,-28.80000000000001
FAC_005,Electronics,United States,8,177.85505993384672,862.2131151700657,140713.18039575472,163.2,4.847841357399482,-28.80000000000001
FAC_005,Electronics,United States,9,251.50315924309928,690.570306180234,112701.07396861416,163.19999999999996,2.7457718951066488,-28.80000000000004
FAC_005,Electronics,United States,10,285.28851483182626,1201.6901154918633,196115.8268482721,163.20000000000002,4.212192405292738,-28.799999999999983
FAC_005,Electronics,United States,11,376.1862536067962,1360.2660052580297,221995.41205811047,163.20000000000002,3.61593756341727,-28.799999999999983
FAC_005,Electronics,United States,12,215.63923952190333,724.1209650612885,118176.54149800228,163.2,3.358020398637775,-28.80000000000001
FAC_006,Textile,India,1,586.7816099812949,1954.4391086817168,549755.8007134715,281.2857142857143,3.3307777125871745,0.0
FAC_006,Textile,India,2,466.328191923697,1664.7494720925497,468270.2443643186,281.2857142857143,3.569909563531052,0.0
FAC_006,Textile,India,3,705.8301273669457,2861.3882130595434,804867.6273591772,281.2857142857143,4.0539332370718855,0.0
FAC_006,Textile,India,4,444.62190681457577,1239.8001882398846,348738.081520619,281.2857142857143,2.7884370275910144,0.0
FAC_006,Textile,India,5,571.5200909289863,1823.8111618918147,513012.02539499756,281.2857142857143,3.1911584401648456,0.0
FAC_006,Textile,India,6,324.4060326836781,838.2433688040678,235785.88473931563,281.2857142857143,2.583932739689284,0.0
FAC_006,Textile,India,7,283.74417633775556,1203.6835366826542,338578.98338973516,281.2857142857143,4.242143582357957,0.0
FAC_006,Textile,India,8,376.99213472830553,1524.2425258022477,428747.64761494653,281.2857142857143,4.043167974580568,0.0
FAC_006,Textile,India,9,429.2693190664005,1824.9111713933794,513321.4423533663,281.2857142857143,4.251203359611865,0.0
FAC_006,Textile,India,10,687.1747800885225,2109.2421957838205,593299.6976426203,281.2857142857143,3.0694406385404682,0.0
FAC_006,Textile,India,11,736.81029370469,2014.6420696109415,566690.0335805634,281.2857142857143,2.7342751408660426,0.0
FAC_006,Textile,India,12,638.1596046344148,2088.0147269789645,587328.7139173687,281.2857142857143,3.2719318361981475,0.0
FAC_007,Electronics,United States,1,250.52225294938322,862.2131151700657,140713.18039575472,163.2,3.441662786516101,-28.80000000000001
FAC_007,Electronics,United States,2,195.92527480634516,803.281058708049,131095.4687811536,163.20000000000002,4.099935853105331,-28.799999999999983
FAC_007,Electronics,United States,3,189.58694350228595,630.0914282480071,102830.92109007476,163.2,3.3234958938003545,-28.80000000000001
FAC_007,Electronics,United States,4,183.9188558824031,796.8064320332568,130038.8097078275,163.2,4.332380321801976,-28.80000000000001
FAC_007,Electronics,United States,5,262.1163139126857,919.9840080318633,150141.39011080007,163.2,3.509831167312698,-28.80000000000001
FAC_007,Electronics,United States,6,165.26451167936537,862.2131151700657,140713.18039575472,163.2,5.21717037982644,-28.80000000000001
FAC_007,Electronics,United States,7,231.3354220741008,862.2131151700657,140713.18039575472,163.2,3.7271123783796662,-28.80000000000001
FAC_007,Electronics,United States,8,182.7496368791087,740.0040455522205,120768.6602341224,163.20000000000002,4.0492777889443525,-28.799999999999983
FAC_007,Electronics,United States,9,222.16686473775334,818.8275633910164,133632.6583454139,163.20000000000002,3.6856421607135865,-28.799999999999983
FAC_007,Electronics,United States,10,144.06003189463823,426.72390525683596,69641.34133791563,163.2,2.962125578098794,-28.80000000000001
FAC_007,Electronics,United States,11,285.0504667746192,1112.371294084779,181538.99519463594,163.2,3.902366155268559,-28.80000000000001
FAC_007,Electronics,United States,12,321.5905418451512,1390.365883065715,226907.7121163247,163.2,4.323404149538667,-28.80000000000001
FAC_008,Textile,Japan,1,771.5399496538636,2075.652744610341,433218.37998224405,208.71428571428572,2.690272545888962,0.0
FAC_008,Textile,Japan,2,637.17365098367,2365.7679363102657,493769.5649927569,208.71428571428572,3.7129092401388357,0.0
FAC_008,Textile,Japan,3,645.4728855094406,2098.7217898179424,438033.2192748591,208.71428571428572,3.2514484139198543,0.0
FAC_008,Textile,Japan,4,501.916209328805,1844.9045930562033,385057.94435073045,208.71428571428572,3.6757222794683795,0.0
FAC_008,Textile,Japan,5,459.8433731391206,1666.4885692453774,347819.9713810709,208.7142857142857,3.6240351967433906,-2.842170943040401e-14
FAC_008,Textile,Japan,6,463.29008436833044,1341.5973869965403,280010.5403431351,208.71428571428572,2.895804232084379,0.0
FAC_008,Textile,Japan,7,371.34385413052246,1130.0433349376387,235856.1874776986,208.71428571428572,3.043118453067069,0.0
FAC_008,Textile,Japan,8,591.3345839496671,1807.400002035484,377230.2004248346,208.71428571428572,3.05647606463911,0.0
FAC_008,Textile,Japan,9,481.04849522658526,1444.0451715377433,301392.8565166633,208.71428571428572,3.0018702602064344,0.0
FAC_008,Textile,Japan,10,591.759597597417,1829.4210607763098,381826.3099705984,208.71428571428572,3.091493687983904,0.0
FAC_008,Textile,Japan,11,829.4399424337513,3434.6007221362097,716850.236434429,208.71428571428572,4.140867284565979,0.0
FAC_008,Textile,Japan,12,616.8584179890482,2262.095698205055,472131.68786822655,208.71428571428572,3.667123009489702,0.0
FAC_009,Steel,Japan,1,1637.6116209770341,4970.373544054304,1192996.1585775483,240.02142857142854,3.035135730832731,31.30714285714282
FAC_009,Steel,Japan,2,1953.4488916255175,6917.763409951993,1660411.4561758344,240.02142857142857,3.5413076019590846,31.30714285714285
FAC_009,Steel,Japan,3,1152.7322878089594,4065.2892670514943,975756.5374337955,240.02142857142857,3.5266551566613433,31.30714285714285
FAC_009,Steel,Japan,4,1183.401763984442,5296.845360133524,1271356.3902611914,240.02142857142854,4.475948508222066,31.30714285714282
FAC_009,Steel,Japan,5,2191.2315344960734,9508.024439718503,2282129.6089132917,240.02142857142854,4.339123588738012,31.30714285714282
FAC_009,Steel,Japan,6,1993.5740611846684,7709.875133297638,1850535.2436014323,240.02142857142857,3.8673632865769205,31.30714285714285
FAC_009,Steel,Japan,7,1508.6566761001777,5169.335677602838,1240751.3341034867,240.02142857142854,3.426449343640848,31.30714285714282
FAC_009,Steel,Japan,8,1737.4096287249379,7725.841709929237,1854367.564133944,240.02142857142857,4.446758888748148,31.30714285714285
FAC_009,Steel,Japan,9,1687.3630103633009,4583.157314394848,1100055.9659686433,240.02142857142854,2.7161655709212584,31.30714285714282
FAC_009,Steel,Japan,10,1684.1230775407932,6693.355413887748,1606548.7283776428,240.02142857142857,3.9743861378953285,31.30714285714285
FAC_009,Steel,Japan,11,1056.8814233715377,3193.1631298653083,766427.5760918855,240.0214285714286,3.0213068933304346,31.30714285714288
FAC_009,Steel,Japan,12,1040.3760142861836,4330.423557203199,1039394.4485192792,240.02142857142854,4.162363893187564,31.30714285714282
FAC_010,Electronics,Japan,1,243.33732046706345,1027.757993211488,182331.6091242409,177.40714285714287,4.2235937801846495,-31.30714285714285
FAC_010,Electronics,Japan,2,258.78766551232815,862.2131151700657,152962.76529627803,177.40714285714287,3.331739607693905,-31.30714285714285
FAC_010,Electronics,Japan,3,199.20218598510704,862.2131151700657,152962.76529627803,177.40714285714287,4.328331593883852,-31.30714285714285
FAC_010,Electronics,Japan,4,322.3343646164351,1414.6086260188922,250961.67460308017,177.40714285714284,4.388637332237968,-31.30714285714288
FAC_010,Electronics,Japan,5,158.8599629380167,462.0342275101497,81968.17220478278,177.40714285714287,2.9084372107679783,-31.30714285714285
FAC_010,Electronics,Japan,6,153.9714829883926,442.1901817377603,78447.6967415768,177.40714285714284,2.871896621084669,-31.30714285714288
FAC_010,Electronics,Japan,7,190.4423283446175,613.2602302797964,108796.74528185217,177.40714285714287,3.220188681846312,-31.30714285714285
FAC_010,Electronics,Japan,8,292.5515881861023,776.5443304539797,137764.51096775354,177.40714285714287,2.654384258409811,-31.30714285714285
FAC_010,Electronics,Japan,9,321.66465124555486,820.7399698008301,145605.13307102298,177.40714285714287,2.5515392089952935,-31.30714285714285
FAC_010,Electronics,Japan,10,181.70833848407267,571.0850646525839,101314.56964840162,177.40714285714287,3.1428665817812287,-31.30714285714285
FAC_010,Electronics,Japan,11,228.9024665414696,862.2131151700657,152962.76529627803,177.40714285714287,3.766727061518409,-31.30714285714285
FAC_010,Electronics,Japan,12,289.5661157987589,820.7726045701856,145610.92271221217,177.40714285714287,2.8344911914369213,-31.30714285714285
FAC_011,Textile,China,1,667.4614473749443,2431.8877401023265,635417.5252353079,261.2857142857143,3.643487949254126,0.0
FAC_011,Textile,China,2,748.9249659004862,2636.3757975601193,688847.3333910655,261.2857142857143,3.5202135295225676,0.0
FAC_011,Textile,China,3,700.4764800517144,2246.0422693013347,586858.7586503059,261.2857142857143,3.2064492288670636,0.0
FAC_011,Textile,China,4,482.80228821090736,1633.538278220392,426820.21583787096,261.2857142857143,3.3834518147660417,0.0
FAC_011,Textile,China,5,686.8991929501328,1762.449299709183,460502.8241668708,261.2857142857143,2.5658048776265376,0.0
FAC_011,Textile,China,6,475.4919867465504,1896.4665099941844,495519.60668276617,261.2857142857143,3.988430011135078,0.0
FAC_011,Textile,China,7,461.9274273573917,1761.3168737039257,460206.93742921145,261.2857142857143,3.812973141214238,0.0
FAC_011,Textile,China,8,392.20894604726215,1278.3070867256004,334003.380231589,261.2857142857143,3.2592502022418457,0.0
FAC_011,Textile,China,9,524.8008376628027,1405.0653799126421,367123.51140860317,261.2857142857143,2.6773306730417814,0.0
FAC_011,Textile,China,10,534.470841422686,1638.0336865931242,427994.8018255463,261.2857142857143,3.0647765222007424,0.0
FAC_011,Textile,China,11,673.3450786828091,2172.5783344174906,567663.6819499414,261.2857142857143,3.2265452042323775,0.0
FAC_011,Textile,China,12,708.1183706979632,2667.6439891648,697017.265168917,261.2857142857143,3.767228897811835,0.0
FAC_012,Electronics,China,1,224.0403019551024,883.0098256279696,196110.17505893184,222.09285714285713,3.941299033800287,-39.19285714285715
FAC_012,Electronics,China,2,266.020651982634,736.513427692747,163574.3714803613,222.09285714285716,2.7686325185791483,-39.19285714285712
FAC_012,Electronics,China,3,175.9196131783823,746.0000164070306,165681.27507245573,222.09285714285716,4.24057331032548,-39.19285714285712
FAC_012,Electronics,China,4,232.7739602489345,862.2131151700657,191491.37421416322,222.09285714285713,3.7040789023307967,-39.19285714285715
FAC_012,Electronics,China,5,212.5526082509061,715.834791354567,158981.79405419677,222.09285714285713,3.367800551802993,-39.19285714285715
FAC_012,Electronics,China,6,159.01590321038958,476.3075166222397,105784.49724525212,222.0928571428571,2.995345163634673,-39.19285714285718
FAC_012,Electronics,China,7,251.5879055781033,749.1291713923422,166376.23804358637,222.0928571428571,2.9776040691263734,-39.19285714285718
FAC_012,Electronics,China,8,199.910216380901,504.6219380730982,112072.9280036203,222.09285714285713,2.5242428686666596,-39.19285714285715
FAC_012,Electronics,China,9,292.50679290424824,1193.2113302824619,265003.7135176613,222.09285714285713,4.079260240199133,-39.19285714285715
FAC_012,Electronics,China,10,292.12890262806286,1290.7075629825365,286656.93039868574,222.09285714285713,4.418280941635752,-39.19285714285715
FAC_012,Electronics,China,11,356.71495856889413,915.6262055402595,203354.04006330922,222.09285714285716,2.566828734106535,-39.19285714285712
FAC_012,Electronics,China,12,280.00686235241466,1161.3552224963598,257928.6995219951,222.09285714285713,4.147595572263819,-39.19285714285715
FAC_013,Steel,Germany,1,1274.17605710968,5531.7805203500075,1197788.5335277866,216.52857142857144,4.341456967020874,28.242857142857133
FAC_013,Steel,Germany,2,1492.4943563164313,4256.485355063161,921650.6932384619,216.52857142857144,2.8519272699753655,28.242857142857133
FAC_013,Steel,Germany,3,1824.6766165846002,6153.951232980428,1332506.269118348,216.52857142857144,3.372625689969817,28.242857142857133
FAC_013,Steel,Germany,4,1586.6245371264824,5676.825888253975,1229194.9998323643,216.52857142857144,3.577926444107066,28.242857142857133
FAC_013,Steel,Germany,5,1782.4634819664107,5755.509653652445,1246232.283148716,216.52857142857144,3.2289635731010753,28.242857142857133
FAC_013,Steel,Germany,6,1385.724986635602,5126.424055216602,1110017.2772131148,216.5285714285714,3.6994527086236886,28.242857142857105
FAC_013,Steel,Germany,7,1030.3865690833625,3752.687796662782,812564.1276288256,216.52857142857144,3.6420193248454256,28.242857142857133
FAC_013,Steel,Germany,8,1493.3637635978457,4331.089778226741,937804.6824083244,216.5285714285714,2.9002242345777707,28.242857142857105
FAC_013,Steel,Germany,9,1618.6709538040184,5618.38282560145,1216540.4069663028,216.52857142857147,3.470985139010346,28.24285714285716
FAC_013,Steel,Germany,10,1179.4653283941495,4208.338162347505,911225.4503814449,216.52857142857144,3.5680049773715585,28.242857142857133
FAC_013,Steel,Germany,11,1142.8757254737734,3204.739843438973,693917.7401000644,216.5285714285714,2.804101768904457,28.242857142857105
FAC_013,Steel,Germany,12,967.3963278267764,3010.7879687866125,651921.6177556956,216.52857142857147,3.1122590423205834,28.24285714285716
FAC_014,Electronics,Germany,1,303.0063675201869,1064.1027831996403,170302.04971693674,160.04285714285717,3.511816573058477,-28.242857142857133
FAC_014,Electronics,Germany,2,332.06746105859696,1348.8378852085289,215871.86897130214,160.04285714285714,4.061939344820393,-28.24285714285716
FAC_014,Electronics,Germany,3,184.26160074786173,675.4373316140329,108098.9203724573,160.04285714285714,3.665643459476301,-28.24285714285716
FAC_014,Electronics,Germany,4,190.5016887295309,758.7002885805352,121424.56189953911,160.04285714285717,3.9826433751866483,-28.242857142857133
FAC_014,Electronics,Germany,5,213.79696736053495,956.2597368300173,153042.54045295264,160.04285714285714,4.472746964728624,-28.24285714285716
FAC_014,Electronics,Germany,6,219.3454198055094,804.4992613870634,128754.36036170388,160.04285714285714,3.6677276512105967,-28.24285714285716
FAC_014,Electronics,Germany,7,217.78907011190822,783.270483850527,125356.8461511065,160.04285714285717,3.5964636951158893,-28.242857142857133
FAC_014,Electronics,Germany,8,316.8728111926661,1165.0117133217018,186451.80320490038,160.04285714285717,3.6765909606973106,-28.242857142857133
FAC_014,Electronics,Germany,9,294.32162363891575,1080.6340206810314,172947.75619556566,160.04285714285714,3.671609334442894,-28.24285714285716
FAC_014,Electronics,Germany,10,298.4819426767522,950.3706312699927,152100.03117311042,160.04285714285714,3.184013822568885,-28.24285714285716
FAC_014,Electronics,Germany,11,252.54466840556063,1037.0559172513742,165973.39201381637,160.04285714285714,4.10642570203054,-28.24285714285716
FAC_014,Electronics,Germany,12,330.0468451314912,1235.1573383329135,197678.10944776615,160.04285714285714,3.7423697773594076,-28.24285714285716
FAC_015,Electronics,China,1,219.57148530311747,824.9263564970213,183210.2514468706,222.09285714285716,3.756983086206363,-39.19285714285712
FAC_015,Electronics,China,2,198.53889972504444,684.1462092531062,151943.98631647736,222.09285714285713,3.4459051107897594,-39.19285714285715
FAC_015,Electronics,China,3,216.12567720260137,837.936477134401,186099.7063109995,222.09285714285713,3.8770797064936406,-39.19285714285715
FAC_015,Electronics,China,4,225.91109110832693,874.800415903606,194286.92379779156,222.09285714285713,3.872321680231845,-39.19285714285715
FAC_015,Electronics,China,5,155.00434350594642,615.8527073378698,136776.4873518313,222.09285714285713,3.9731319355850427,-39.19285714285715
FAC_015,Electronics,China,6,199.99230085931174,801.7723725052676,178067.91698790205,222.09285714285716,4.009016192424773,-39.19285714285712
FAC_015,Electronics,China,7,301.7179835208459,1201.0128371903745,266736.37247685937,222.09285714285713,3.9805808827679496,-39.19285714285715
FAC_015,Electronics,China,8,128.68969892441254,564.2285560468601,125311.13209403587,222.09285714285713,4.384411190349172,-39.19285714285715
FAC_015,Electronics,China,9,355.93773159936376,1281.565845555426,284626.62025610614,222.09285714285713,3.6005338343784534,-39.19285714285715
FAC_015,Electronics,China,10,339.5439884148284,1130.3450271505722,251041.55663709098,222.09285714285713,3.3290090996092228,-39.19285714285715
FAC_015,Electronics,China,11,261.63937317318823,889.9295518007108,197646.99681528212,222.09285714285713,3.401359439932748,-39.19285714285715
FAC_015,Electronics,China,12,252.27842459521202,903.2234701014862,200599.48111332505,222.0928571428571,3.5802644302648323,-39.19285714285718
FAC_016,Steel,Germany,1,1502.1591108335592,6550.432798169572,1418355.8560265172,216.5285714285714,4.360678406786541,28.242857142857105
FAC_016,Steel,Germany,2,1371.4096521423737,5225.70005511807,1131513.3676489228,216.52857142857147,3.8104588566622986,28.24285714285716
FAC_016,Steel,Germany,3,1920.3673766252068,6189.8734130840485,1340284.4474587848,216.52857142857147,3.223275654662462,28.24285714285716
FAC_016,Steel,Germany,4,1618.3739086330263,6128.729170677719,1327044.9719994597,216.5285714285714,3.7869673614884234,28.242857142857105
FAC_016,Steel,Germany,5,1705.1708028390753,5225.70005511807,1131513.3676489228,216.52857142857147,3.064619712240782,28.24285714285716
FAC_016,Steel,Germany,6,1980.9916664979664,5605.449348783892,1213739.9397073921,216.52857142857144,2.8296178341291602,28.242857142857133
FAC_016,Steel,Germany,7,1317.8416421846669,3457.454483081518,748637.6800009509,216.5285714285714,2.623573555734575,28.242857142857105
FAC_016,Steel,Germany,8,1855.2462432149146,7758.164865989529,1679864.355340047,216.52857142857144,4.181744010727966,28.242857142857133
FAC_016,Steel,Germany,9,1080.0244996815086,3263.115009651964,706557.6314470689,216.52857142857144,3.021334248078847,28.242857142857133
FAC_016,Steel,Germany,10,1393.9322499535588,4252.181245619033,920718.7305692526,216.52857142857144,3.050493483998739,28.242857142857133
FAC_016,Steel,Germany,11,1020.1287161495783,2705.3384235281055,585783.0640773643,216.52857142857144,2.651957915408226,28.242857142857133
FAC_016,Steel,Germany,12,1559.5657884312018,4293.109891178765,929580.9517228078,216.52857142857147,2.7527597251907463,28.24285714285716
FAC_017,Electronics,Germany,1,216.99184679554415,652.0328649794174,104353.20266234876,160.04285714285714,3.004872646638107,-28.24285714285716
FAC_017,Electronics,Germany,2,296.8718537184257,1314.2751964897195,210340.3575182047,160.04285714285714,4.427079158997239,-28.24285714285716
FAC_017,Electronics,Germany,3,213.64401255868302,706.8987145076592,113134.08998041866,160.04285714285714,3.3087691344192978,-28.24285714285716
FAC_017,Electronics,Germany,4,195.74941309852355,2158.055019485616,345381.29118996224,160.04285714285714,11.024579769235043,-28.24285714285716
FAC_017,Electronics,Germany,5,269.26234457985686,973.5810410769166,155814.69147406708,160.04285714285712,3.6157340997533183,-28.24285714285719
FAC_017,Electronics,Germany,6,276.5466432798181,969.7031106528657,155194.0564092008,160.04285714285717,3.506472178263582,-28.242857142857133
FAC_017,Electronics,Germany,7,290.955384628939,1259.623045303373,201593.6710933384,160.04285714285714,4.329265282063071,-28.24285714285716
FAC_017,Electronics,Germany,8,239.6418347573564,899.0058284483938,143879.46137296225,160.04285714285717,3.751456123504732,-28.242857142857133
FAC_017,Electronics,Germany,9,305.32294688934905,1292.6000405512486,206871.40363279486,160.04285714285714,4.233550257916563,-28.24285714285716
FAC_017,Electronics,Germany,10,184.2127161114843,732.791681604344,117278.07441447809,160.04285714285714,3.9779646979466032,-28.24285714285716
FAC_017,Electronics,Germany,11,411.52528916145275,1745.31377570882,279325.0032752273,160.04285714285717,4.241085108682313,-28.242857142857133
FAC_017,Electronics,Germany,12,287.9028946726645,1198.4390332422438,191801.60699161227,160.04285714285714,4.1626501692691456,-28.24285714285716
FAC_018,Electronics,United States,1,274.1264730946834,775.4165512835439,126547.98116947435,163.2,2.828681748718646,-28.80000000000001
FAC_018,Electronics,United States,2,176.26802999437393,475.57680537049845,77614.13463646534,163.2,2.6980321127187827,-28.80000000000001
FAC_018,Electronics,United States,3,186.89114319376074,496.1834368644833,80977.13689628367,163.2,2.6549328576264397,-28.80000000000001
FAC_018,Electronics,United States,4,267.75369388528605,1192.291743902155,194582.01260483172,163.20000000000002,4.45294227915664,-28.799999999999983
FAC_018,Electronics,United States,5,187.3636281262003,549.9073913524027,89744.88626871211,163.2,2.934974076089133,-28.80000000000001
FAC_018,Electronics,United States,6,158.50887780698756,587.0076783895248,95799.65311317045,163.20000000000002,3.70331104800521,-28.799999999999983
FAC_018,Electronics,United States,7,211.49979295494614,676.6752110523507,110433.39444374364,163.20000000000002,3.1994131133570263,-28.799999999999983
FAC_018,Electronics,United States,8,228.10986157491277,961.4546540628014,156909.39954304916,163.19999999999996,4.214875443896815,-28.80000000000004
FAC_018,Electronics,United States,9,187.69194481783083,862.2131151700657,140713.18039575472,163.2,4.593767281845305,-28.80000000000001
FAC_018,Electronics,United States,10,330.4700289487037,1126.7449314380683,183884.77281069275,163.20000000000002,3.4095222947221155,-28.799999999999983
FAC_018,Electronics,United States,11,189.7741133469351,677.7789038041657,110613.51710083985,163.20000000000002,3.571503467204116,-28.799999999999983
FAC_018,Electronics,United States,12,414.94474964435966,1731.8119216671769,282631.7056160833,163.20000000000002,4.173596420129369,-28.799999999999983
FAC_019,Electronics,Germany,1,242.20237878993032,764.6218489090804,122372.26533326326,160.04285714285714,3.156954331865835,-28.24285714285716
FAC_019,Electronics,Germany,2,229.2055715213655,701.957879020158,112343.34455232615,160.04285714285714,3.0625690045877643,-28.24285714285716
FAC_019,Electronics,Germany,3,231.47543767942443,736.4355214123515,117861.24494832249,160.04285714285717,3.181484518596127,-28.242857142857133
FAC_019,Electronics,Germany,4,201.798093559831,821.5226753179444,131478.83616552758,160.04285714285714,4.071013064721405,-28.24285714285716
FAC_019,Electronics,Germany,5,194.06318998294913,604.4087045715538,96731.29596164453,160.04285714285714,3.114494328495057,-28.24285714285716
FAC_019,Electronics,Germany,6,169.23157060252757,587.8110720121365,94074.96342502808,160.04285714285714,3.4734126139662336,-28.24285714285716
FAC_019,Electronics,Germany,7,144.9846320584058,373.24803361482384,59735.68172266959,160.04285714285714,2.574397219316763,-28.24285714285716
FAC_019,Electronics,Germany,8,365.4996867917634,1405.6198866543848,224959.42271698677,160.04285714285714,3.8457485394651254,-28.24285714285716
FAC_019,Electronics,Germany,9,383.2979971386407,1231.8956824418055,197156.1047199364,160.04285714285714,3.2139371758736925,-28.24285714285716
FAC_019,Electronics,Germany,10,394.939479298773,1106.9624815449279,177161.43829639754,160.04285714285714,2.8028661087779154,-28.24285714285716
FAC_019,Electronics,Germany,11,238.87671205737303,1005.3495212471744,160899.00980760137,160.04285714285717,4.2086543832104955,-28.242857142857133
FAC_019,Electronics,Germany,12,270.7815842704159,1047.7109635385907,167678.6560646119,160.04285714285714,3.8692105534484744,-28.24285714285716
FAC_020,Steel,Germany,1,1624.965798837243,6572.674901060369,1423171.9067910288,216.52857142857144,4.044808146585915,28.242857142857133
FAC_020,Steel,Germany,2,1484.7444281766795,4296.306713195815,930273.1550272709,216.5285714285714,2.8936338346605797,28.242857142857105
FAC_020,Steel,Germany,3,1721.1975845963645,7304.739855751224,1581684.8856231614,216.5285714285714,4.243986815415063,28.242857142857105
FAC_020,Steel,Germany,4,1498.4621832410558,5647.4731117031,1222839.2850583412,216.52857142857144,3.7688459374317076,28.242857142857133
FAC_020,Steel,Germany,5,1729.193823003433,6938.949443643709,1502480.8102472527,216.5285714285714,4.012823404372023,28.242857142857105
FAC_020,Steel,Germany,6,1978.1653881529874,5164.986018327539,1118367.0439970072,216.52857142857144,2.610998073902246,28.242857142857133
FAC_020,Steel,Germany,7,1971.080220056086,5225.70005511807,1131513.3676489228,216.52857142857147,2.65118588373302,28.24285714285716
FAC_020,Steel,Germany,8,1844.3453795421922,7144.784230060328,1547049.9225003484,216.52857142857144,3.87388626301318,28.242857142857133
FAC_020,Steel,Germany,9,1105.9734672490818,4696.257122339427,1016873.84576141,216.52857142857144,4.24626563060374,28.242857142857133
FAC_020,Steel,Germany,10,1151.5007287290045,5160.970986086614,1117497.6748016402,216.52857142857144,4.4819519930162395,28.242857142857133
FAC_020,Steel,Germany,11,1696.777146273498,5426.968192051043,1175093.6698131093,216.5285714285714,3.1983977412531037,28.242857142857105
FAC_020,Steel,Germany,12,1232.1108577765237,4484.35311209435,970990.573143058,216.5285714285714,3.6395695109666075,28.242857142857105
FAC_021,Textile,India,1,903.0831095317742,2494.4637116198915,701657.0068827951,281.2857142857143,2.7621640636299887,0.0
FAC_021,Textile,India,2,822.4727716424384,2586.83390405457,727639.4224404927,281.2857142857143,3.1451909330551917,0.0
FAC_021,Textile,India,3,726.0613091101823,2448.3805132828975,688694.4615220035,281.2857142857143,3.372140179571733,0.0
FAC_021,Textile,India,4,674.4249291837939,1747.9079029118004,491661.5229761907,281.2857142857143,2.5917012068743706,0.0
FAC_021,Textile,India,5,529.6426719358476,2380.2221534871665,669522.4886023187,281.2857142857143,4.494015077726721,0.0
FAC_021,Textile,India,6,286.5524989016379,1088.362916100204,306140.9402573288,281.2857142857143,3.798127464502747,0.0
FAC_021,Textile,India,7,566.0544888282527,2105.4413145131757,592230.5640394918,281.2857142857143,3.7195029031065423,0.0
FAC_021,Textile,India,8,507.47839224309274,1676.6701856773018,471623.370799801,281.2857142857143,3.3039242878229618,0.0
FAC_021,Textile,India,9,572.2256644239031,1874.0405772966162,527140.842385291,281.2857142857143,3.2750026673189065,0.0
FAC_021,Textile,India,10,748.8403595616865,2431.1750031557635,683854.7973162426,281.2857142857143,3.246586501532565,0.0
FAC_021,Textile,India,11,408.92039282589917,1195.903827616998,336390.66236826696,281.2857142857143,2.9245394668447426,0.0
FAC_021,Textile,India,12,578.3884780961591,1944.8094759219919,547047.1225843431,281.2857142857143,3.3624623407499143,0.0
FAC_022,Steel,United States,1,1338.7517944019444,3439.5759363777665,759458.3667522108,220.79999999999998,2.5692409532226366,28.799999999999983
FAC_022,Steel,United States,2,1699.425679681768,4739.763395465935,1046539.7577188783,220.79999999999998,2.7890383510937036,28.799999999999983
FAC_022,Steel,United States,3,1349.1501214655177,16967.99591163124,3746533.4972881773,220.79999999999998,12.576803456979057,28.799999999999983
FAC_022,Steel,United States,4,2057.9893378628135,6530.093354523885,1441844.6126788738,220.8,3.1730452798678126,28.80000000000001
FAC_022,Steel,United States,5,1986.810637580488,7236.259991270511,1597766.2060725286,220.79999999999998,3.6421488059288496,28.799999999999983
FAC_022,Steel,United States,6,1442.119636386033,3859.32030373965,852137.9230657147,220.79999999999998,2.6761443408475785,28.799999999999983
FAC_022,Steel,United States,7,1134.3089710766953,2886.9731254789813,637443.6661057591,220.8,2.5451382287302575,28.80000000000001
FAC_022,Steel,United States,8,1737.531935427387,6659.4221704401625,1470400.4152331876,220.79999999999995,3.8326905161614313,28.799999999999955
FAC_022,Steel,United States,9,1146.277290727595,4044.857139069339,893104.45630651,220.79999999999998,3.5286899354883685,28.799999999999983
FAC_022,Steel,United States,10,1248.07257780239,3907.1165031464975,862691.3238947466,220.79999999999998,3.1305202699238532,28.799999999999983
FAC_022,Steel,United States,11,1128.5575713923524,4221.008766114859,931998.7355581608,220.79999999999998,3.740180273574533,28.799999999999983
FAC_022,Steel,United States,12,1156.9232865478873,4486.990589669055,990727.5221989274,220.79999999999998,3.878382120786649,28.799999999999983
FAC_023,Steel,United States,1,1419.217475867304,4327.000807756312,955401.7783525935,220.79999999999998,3.048863814978053,28.799999999999983
FAC_023,Steel,United States,2,819.0951354960731,3439.265765942266,759389.8811200523,220.79999999999998,4.198859957652324,28.799999999999983
FAC_023,Steel,United States,3,1353.1826833134116,5440.494106597089,1201261.098736637,220.79999999999995,4.020517091805713,28.799999999999955
FAC_023,Steel,United States,4,1960.710475210087,5346.235976462648,1180448.9036029526,220.79999999999998,2.7266830284516166,28.799999999999983
FAC_023,Steel,United States,5,1601.8791242961527,4320.427270268642,953950.3412753161,220.79999999999998,2.6970994282524208,28.799999999999983
FAC_023,Steel,United States,6,1872.141394630278,6165.655499537847,1361376.7342979566,220.79999999999998,3.2933706381485566,28.799999999999983
FAC_023,Steel,United States,7,1688.4099558346052,6413.8918487327155,1416187.3202001834,220.79999999999998,3.79877637333774,28.799999999999983
FAC_023,Steel,United States,8,811.2422507617475,2578.922815454975,569426.1576524585,220.8,3.1789799077074634,28.80000000000001
FAC_023,Steel,United States,9,1023.3633418554689,2715.1632042718766,599508.0355032303,220.79999999999998,2.6531761430392757,28.799999999999983
FAC_023,Steel,United States,10,1301.690732168117,3433.756052050669,758173.3362927877,220.79999999999998,2.637920027540912,28.799999999999983
FAC_023,Steel,United States,11,1449.0798570377074,4266.160385680533,941968.2131582616,220.79999999999998,2.944047814177518,28.799999999999983
FAC_023,Steel,United States,12,1018.6883835814303,2792.4930741042895,616582.4707622271,220.79999999999998,2.7412632941652344,28.799999999999983
FAC_024,Electronics,China,1,337.48819088828515,970.9226401263433,215634.98321034564,222.09285714285713,2.876908485511236,-39.19285714285715
FAC_024,Electronics,China,2,318.09872290696865,936.363622615305,207959.6722712691,222.09285714285713,2.9436258469014804,-39.19285714285715
FAC_024,Electronics,China,3,202.59521833329322,581.1823203347014,129076.44204404908,222.09285714285713,2.8686872529172303,-39.19285714285715
FAC_024,Electronics,China,4,195.59395530072211,658.7529270434554,146304.31971830112,222.09285714285713,3.3679615815868895,-39.19285714285715
FAC_024,Electronics,China,5,116.09322930204009,456.17068169284204,101312.25004196812,222.09285714285713,3.929347856333822,-39.19285714285715
FAC_024,Electronics,China,6,206.33331914740316,723.4912100034169,160682.2299474017,222.09285714285713,3.5064196756635293,-39.19285714285715
FAC_024,Electronics,China,7,173.61488037282663,646.0031321667376,143472.6813461455,222.0928571428571,3.7208972570754764,-39.19285714285718
FAC_024,Electronics,China,8,237.7493783128149,633.4034063567974,140674.37224179928,222.09285714285713,2.6641643012980127,-39.19285714285715
FAC_024,Electronics,China,9,231.42907271338515,862.2131151700657,191491.37421416322,222.09285714285713,3.7256041562154087,-39.19285714285715
FAC_024,Electronics,China,10,293.86196271018576,915.1477216901986,203247.77221795244,222.0928571428571,3.1142095194972237,-39.19285714285718
FAC_024,Electronics,China,11,371.15664709227116,1379.3700795770837,306348.24203064473,222.09285714285713,3.716409473960374,-39.19285714285715
FAC_024,Electronics,China,12,399.9259518564743,1739.5696444215296,386345.99252856156,222.09285714285713,4.349729334508973,-39.19285714285715
FAC_025,Electronics,Germany,1,226.72240783507496,949.6184711210861,151979.65331385043,160.04285714285717,4.1884632409685265,-28.242857142857133
FAC_025,Electronics,Germany,2,219.8955644331532,569.5645627542135,91154.7399505065,160.04285714285717,2.5901593978143085,-28.242857142857133
FAC_025,Electronics,Germany,3,198.49237182638882,886.9839782582054,141955.45012038108,160.04285714285714,4.4686048642413585,-28.24285714285716
FAC_025,Electronics,Germany,4,145.21130368013232,466.86786269246045,74718.8666534805,160.04285714285714,3.215093115070882,-28.24285714285716
FAC_025,Electronics,Germany,5,155.48202571335008,669.8366241645144,107202.56715021508,160.04285714285714,4.308129001351187,-28.24285714285716
FAC_025,Electronics,Germany,6,194.99892236928267,828.0849186121545,132529.07633159953,160.04285714285714,4.24661279432075,-28.24285714285716
FAC_025,Electronics,Germany,7,310.5156534820954,1344.8206774450855,215228.9435631042,160.04285714285714,4.330927160561421,-28.24285714285716
FAC_025,Electronics,Germany,8,286.00332088899637,1046.030797778563,167409.75753590345,160.04285714285714,3.6574078738916063,-28.24285714285716
FAC_025,Electronics,Germany,9,328.74734541988977,1379.0496729182219,220707.04979575487,160.04285714285714,4.1948617749501285,-28.24285714285716
FAC_025,Electronics,Germany,10,295.2182260772438,828.976168884729,132671.7145716517,160.04285714285717,2.8080114832335163,-28.242857142857133
FAC_025,Electronics,Germany,11,302.08901286855075,942.1548112536722,150785.147863927,160.04285714285717,3.1187986689990472,-28.242857142857133
FAC_025,Electronics,Germany,12,191.13606719494695,741.5736533983353,118683.56627173645,160.04285714285717,3.8798206130399038,-28.242857142857133
FAC_026,Steel,Japan,1,1651.3346478046915,5243.611637335743,1258579.1560670924,240.02142857142854,3.1753779552234773,31.30714285714282
FAC_026,Steel,Japan,2,1248.5663224478633,3342.0178132165174,802155.8898393903,240.02142857142857,2.676684252274529,31.30714285714285
FAC_026,Steel,Japan,3,1281.1783323221694,4676.249353642437,1122400.0502174774,240.0214285714286,3.64995975631793,31.30714285714288
FAC_026,Steel,Japan,4,1681.0713106715061,5035.48521837812,1208624.3556654283,240.02142857142854,2.995402506968422,31.30714285714282
FAC_026,Steel,Japan,5,1039.9326125543196,3568.5987634427256,856540.1731997564,240.02142857142854,3.4315673153834516,31.30714285714282
FAC_026,Steel,Japan,6,1684.3691429669943,7142.408885514315,1714331.184142411,240.02142857142857,4.2404059201257125,31.30714285714285
FAC_026,Steel,Japan,7,1800.820614278267,6622.688915890952,1589587.2545763117,240.02142857142854,3.6775950160617157,31.30714285714282
FAC_026,Steel,Japan,8,1422.3102412228382,4625.368043267388,1110187.4454136717,240.02142857142854,3.252010643817558,31.30714285714282
FAC_026,Steel,Japan,9,1518.2709675095912,5505.198303782974,1321365.5614429947,240.02142857142854,3.6259656027099765,31.30714285714282
FAC_026,Steel,Japan,10,904.7379005177581,3308.0463007813487,794001.998893969,240.02142857142857,3.6563587077409263,31.30714285714285
FAC_026,Steel,Japan,11,1159.2301901435771,3806.0145413158175,913525.0473702529,240.02142857142854,3.283225862884421,31.30714285714282
FAC_026,Steel,Japan,12,1327.8344994163633,4020.0415804837226,964896.1230642466,240.02142857142857,3.0275170454229743,31.30714285714285
FAC_027,Textile,Germany,1,617.5777999432407,2448.312174441068,460982.2065590468,188.2857142857143,3.9643785360582635,0.0
FAC_027,Textile,Germany,2,860.463367083371,2354.7496251492944,443365.7151352529,188.2857142857143,2.73660647882194,0.0
FAC_027,Textile,Germany,3,393.18872414727133,1276.994180126103,240439.76134374342,188.2857142857143,3.2477894245202124,0.0
FAC_027,Textile,Germany,4,484.77213698484115,1292.025562441223,243269.95589964744,188.2857142857143,2.665222408361363,0.0
FAC_027,Textile,Germany,5,501.1167225728378,1877.3960603540036,353486.8582209396,188.2857142857143,3.746424686677907,0.0
FAC_027,Textile,Germany,6,639.6562491793474,2226.194607627636,419160.6418361749,188.2857142857143,3.4802983797684335,0.0
FAC_027,Textile,Germany,7,348.7168608611018,1166.7152839726748,219675.82061085507,188.2857142857143,3.345738089898073,0.0
FAC_027,Textile,Germany,8,576.4158936688099,2552.5700350754155,480612.47231848544,188.2857142857143,4.428347766104522,0.0
FAC_027,Textile,Germany,9,763.2324289611028,1939.4757508117068,365175.5770814043,188.2857142857143,2.5411338371086822,0.0
FAC_027,Textile,Germany,10,725.1252941876887,2186.9472302279755,411770.9213486389,188.2857142857143,3.0159577217312106,0.0
FAC_027,Textile,Germany,11,598.0418411570711,2472.5849475261894,465552.422977074,188.2857142857143,4.134468154840665,0.0
FAC_027,Textile,Germany,12,393.0690771276369,1550.9853499841367,292028.38446844177,188.2857142857143,3.945834053693577,0.0
FAC_028,Electronics,China,1,305.1932741278836,1111.2014511313785,246789.90514305676,222.09285714285713,3.6409762118996016,-39.19285714285715
FAC_028,Electronics,China,2,274.0947111316382,808.8861399405833,179647.8339226611,222.09285714285713,2.951119109890827,-39.19285714285715
FAC_028,Electronics,China,3,274.8716702303043,758.8431507283258,168533.64346854165,222.09285714285713,2.7607179382746887,-39.19285714285715
FAC_028,Electronics,China,4,303.4963446505398,938.2920941400987,208387.9720221292,222.09285714285713,3.09160920939754,-39.19285714285715
FAC_028,Electronics,China,5,143.7648474805099,483.55096712561533,107393.2158631197,222.09285714285713,3.363485411071507,-39.19285714285715
FAC_028,Electronics,China,6,129.16616684769232,332.67527679417833,73884.8027240099,222.09285714285713,2.5755604963214243,-39.19285714285715
FAC_028,Electronics,China,7,309.04880382122815,1143.059774209931,253865.41113935274,222.09285714285713,3.698638402985515,-39.19285714285715
FAC_028,Electronics,China,8,96.79525430875617,257.4717166448735,57182.62918313607,222.09285714285713,2.659962190125497,-39.19285714285715
FAC_028,Electronics,China,9,327.56359071485014,1016.0485703772963,225657.12999100907,222.09285714285713,3.1018360989386773,-39.19285714285715
FAC_028,Electronics,China,10,194.64476510001595,642.2375775938247,142636.37857231993,222.09285714285713,3.2995368627757258,-39.19285714285715
FAC_028,Electronics,China,11,364.5223915133372,1129.84915229242,250931.42637305864,222.0928571428571,3.099532919231056,-39.19285714285718
FAC_028,Electronics,China,12,133.77846085097895,496.4499507322578,110257.98798655778,222.09285714285713,3.7109856667081313,-39.19285714285715
FAC_029,Electronics,China,1,182.2716897318293,720.5375187730451,160026.23622293066,222.09285714285716,3.9530961710683084,-39.19285714285712
FAC_029,Electronics,China,2,184.97480187665647,777.1799239245754,172606.1098184773,222.09285714285713,4.2015448376736675,-39.19285714285715
FAC_029,Electronics,China,3,149.39284845879286,420.3884476331619,93365.2714446993,222.09285714285716,2.8139797317615103,-39.19285714285712
FAC_029,Electronics,China,4,146.69443823584493,412.5116253475244,91615.88547807554,222.09285714285713,2.8120467981500252,-39.19285714285715
FAC_029,Electronics,China,5,235.4760398027519,914.4501760356416,203092.8523105443,222.09285714285713,3.8834107147446377,-39.19285714285715
FAC_029,Electronics,China,6,301.7935921948211,938.5255478149427,208439.8204157858,222.09285714285713,3.109825960814579,-39.19285714285715
FAC_029,Electronics,China,7,180.90092230923025,484.3696784978167,107575.04581094725,222.09285714285716,2.677541232597145,-39.19285714285712
FAC_029,Electronics,China,8,284.63613339436233,1002.1426118480559,222568.71592994002,222.09285714285716,3.520784940046916,-39.19285714285712
FAC_029,Electronics,China,9,188.940271634675,677.1805929031102,150396.97267954575,222.09285714285713,3.584098758005763,-39.19285714285715
FAC_029,Electronics,China,10,209.98261061806997,714.8732935330323,158768.25225587553,222.09285714285716,3.404440450706132,-39.19285714285712
FAC_029,Electronics,China,11,356.66988499065184,1402.7617889189623,311543.3735918378,222.09285714285713,3.93294149001598,-39.19285714285715
FAC_029,Electronics,China,12,371.95805764467025,1546.5896513663076,343486.5144995186,222.09285714285716,4.157967866483907,-39.19285714285712
FAC_030,Electronics,Germany,1,227.30383987295332,1020.0333818790365,163249.05681701208,160.04285714285714,4.487532557519321,-28.24285714285716
FAC_030,Electronics,Germany,2,216.1736682601893,862.2131151700657,137991.05041786068,160.04285714285714,3.9885205358697777,-28.24285714285716
FAC_030,Electronics,Germany,3,273.47178196839633,810.1384950334767,129656.87942657199,160.04285714285714,2.9624207996973526,-28.24285714285716
FAC_030,Electronics,Germany,4,250.5370969118726,1092.5447944460302,174853.99045969825,160.04285714285717,4.360810466444963,-28.242857142857133
FAC_030,Electronics,Germany,5,282.7639637106318,732.1072856562652,117168.54173153055,160.04285714285714,2.589110988716623,-28.24285714285716
FAC_030,Electronics,Germany,6,142.2189708508494,440.11817671654165,70437.77048222024,160.04285714285714,3.094651677504479,-28.24285714285716
FAC_030,Electronics,Germany,7,302.21864239496017,969.4113950011283,155147.36940282345,160.04285714285714,3.207649228118213,-28.24285714285716
FAC_030,Electronics,Germany,8,254.39235742418188,978.7518908631674,156642.24904771525,160.04285714285717,3.8474107507528834,-28.242857142857133
FAC_030,Electronics,Germany,9,281.9488765081977,1137.2972280385698,182016.29779594427,160.04285714285717,4.033700159133291,-28.242857142857133
FAC_030,Electronics,Germany,10,249.94341500113126,879.1917200614129,140708.35485497155,160.04285714285714,3.5175630454494415,-28.24285714285716
FAC_030,Electronics,Germany,11,154.52672972724818,488.7729210213108,78224.61477431064,160.04285714285714,3.163031547254209,-28.24285714285716
FAC_030,Electronics,Germany,12,367.31047013267033,1602.0234822522596,256392.4153096009,160.04285714285714,4.361496914786062,-28.24285714285716
FAC_031,Electronics,Japan,1,223.58823354352106,565.5309158278428,100329.22397440096,177.40714285714287,2.5293411324248565,-31.30714285714285
FAC_031,Electronics,Japan,2,228.88007214788294,804.181822404286,142667.59945039466,177.40714285714287,3.5135510700323955,-31.30714285714285
FAC_031,Electronics,Japan,3,291.3881606989984,1085.4008292684175,192557.85997528347,177.40714285714287,3.724931125083108,-31.30714285714285
FAC_031,Electronics,Japan,4,261.59636441124013,1088.0675000282167,193030.94641572013,177.40714285714284,4.1593372387917835,-31.30714285714288
FAC_031,Electronics,Japan,5,137.88344543157632,606.5891063399221,107613.24024403318,177.40714285714287,4.399288866341374,-31.30714285714285
FAC_031,Electronics,Japan,6,118.95923849525667,504.65534901412303,89529.46359616981,177.40714285714284,4.242254367106137,-31.30714285714288
FAC_031,Electronics,Japan,7,135.8546696069993,495.1564950646374,87844.29905657428,177.40714285714287,3.6447513839386403,-31.30714285714285
FAC_031,Electronics,Japan,8,194.2685195287691,643.6061576033659,114180.32954567714,177.40714285714287,3.3129719584240442,-31.30714285714285
FAC_031,Electronics,Japan,9,244.26075607570698,862.2131151700657,152962.76529627803,177.40714285714287,3.529888014032138,-31.30714285714285
FAC_031,Electronics,Japan,10,458.4515325380478,862.2131151700657,152962.76529627803,177.40714285714287,1.8807072372443405,-31.30714285714285
FAC_031,Electronics,Japan,11,289.2348206435182,1009.2266396892003,179044.0146425762,177.40714285714284,3.4892985479541263,-31.30714285714288
FAC_031,Electronics,Japan,12,408.2747970993554,1379.0742689795184,244657.62584745928,177.40714285714287,3.377808962927278,-31.30714285714285
FAC_032,Electronics,United States,1,294.183623721789,1085.0448620846455,177079.32149221413,163.2,3.6883251635746324,-28.80000000000001
FAC_032,Electronics,United States,2,181.84688421839422,627.8713505469609,102468.60440926402,163.2,3.4527473662562227,-28.80000000000001
FAC_032,Electronics,United States,3,182.40335901944476,463.91504777733877,75710.93579726169,163.2,2.543347064830555,-28.80000000000001
FAC_032,Electronics,United States,4,149.40358758716064,387.9176439230656,63308.15948824431,163.20000000000002,2.5964412915905255,-28.799999999999983
FAC_032,Electronics,United States,5,164.02340189804224,1877.3404279125161,306381.95783532265,163.20000000000002,11.445564512065664,-28.799999999999983
FAC_032,Electronics,United States,6,251.31356667307602,654.6163282768196,106833.38477477695,163.2,2.604779108994081,-28.80000000000001
FAC_032,Electronics,United States,7,161.2661701843436,684.5573904969149,111719.76612909649,163.19999999999996,4.244891471747586,-28.80000000000004
FAC_032,Electronics,United States,8,230.2889787451025,924.8152639051808,150929.8510693255,163.2,4.015890247743124,-28.80000000000001
FAC_032,Electronics,United States,9,234.381700145359,682.5153966993237,111386.51274132961,163.2,2.9119824469062254,-28.80000000000001
FAC_032,Electronics,United States,10,240.26382536747502,725.0445348893816,118327.26809394706,163.2,3.0177016193779966,-28.80000000000001
FAC_032,Electronics,United States,11,199.24883893035462,887.3121331484923,144809.34012983396,163.20000000000002,4.45328634240445,-28.799999999999983
FAC_032,Electronics,United States,12,386.89581293781123,1566.9780241974042,255730.81354901637,163.2,4.050129186715383,-28.80000000000001
FAC_033,Electronics,United States,1,274.1841691636165,789.9531596305311,128920.35565170267,163.2,2.8811041937258417,-28.80000000000001
FAC_033,Electronics,United States,2,302.35779570093945,928.4459578111263,151522.3803147758,163.2,3.0706863557420805,-28.80000000000001
FAC_033,Electronics,United States,3,208.59902529873932,893.1434015220694,145761.00312840173,163.2,4.28162787550411,-28.80000000000001
FAC_033,Electronics,United States,4,159.13358098294114,426.40743929141894,69589.69409235957,163.2,2.6795566131144195,-28.80000000000001
FAC_033,Electronics,United States,5,209.78063135237954,557.406636706836,90968.76311055564,163.2,2.6570929504475123,-28.80000000000001
FAC_033,Electronics,United States,6,250.03563003304228,930.8675198461173,151917.57923888633,163.2,3.72293948555693,-28.80000000000001
FAC_033,Electronics,United States,7,225.93169135674975,664.9994337575253,108527.90758922811,163.2,2.9433650045467967,-28.80000000000001
FAC_033,Electronics,United States,8,152.71191137241354,392.25401555931757,64015.85533928062,163.2,2.568588213153462,-28.80000000000001
FAC_033,Electronics,United States,9,166.43569716464236,432.0371958020937,70508.4703549017,163.20000000000002,2.595820507031684,-28.799999999999983
FAC_033,Electronics,United States,10,302.33168681243666,805.3766195795375,131437.46431538052,163.2,2.6638842526591815,-28.80000000000001
FAC_033,Electronics,United States,11,328.84783020414403,1071.6725221092415,174896.95560822822,163.20000000000002,3.258870589001492,-28.799999999999983
FAC_033,Electronics,United States,12,242.88233569526523,1043.5551101574758,170308.19397770005,163.2,4.296545926941278,-28.80000000000001
FAC_034,Steel,Japan,1,1425.5627371133266,5768.452712505683,1384552.2607023462,240.02142857142857,4.046439039355385,31.30714285714285
FAC_034,Steel,Japan,2,1033.1486346869842,4417.216284966729,1060226.563026693,240.02142857142857,4.27548964075728,31.30714285714285
FAC_034,Steel,Japan,3,2011.4713016797364,7528.590786751381,1807023.1157657618,240.02142857142857,3.742827839733242,31.30714285714285
FAC_034,Steel,Japan,4,1597.7201339533665,6178.084267167026,1482872.6116400969,240.02142857142854,3.866812551131905,31.30714285714282
FAC_034,Steel,Japan,5,1620.7648678285832,6254.030047080396,1501101.226228875,240.02142857142854,3.858690530144093,31.30714285714282
FAC_034,Steel,Japan,6,1372.7457001827406,4426.839564781156,1062536.3563952942,240.02142857142857,3.224806724356778,31.30714285714285
FAC_034,Steel,Japan,7,1313.8285510289393,4287.401044700095,1029068.123607552,240.02142857142857,3.2632880761666883,31.30714285714285
FAC_034,Steel,Japan,8,1880.9702776678375,6250.445436964738,1500240.8429880436,240.02142857142857,3.322990007430894,31.30714285714285
FAC_034,Steel,Japan,9,1288.7669655257575,4167.534976607141,1000297.6987066412,240.02142857142857,3.2337382072072116,31.30714285714285
FAC_034,Steel,Japan,10,1590.9705947429102,4394.553759212621,1054787.071220155,240.02142857142857,2.7621841495585597,31.30714285714285
FAC_034,Steel,Japan,11,1200.130436893749,4098.988164964385,983844.9950521302,240.02142857142857,3.4154522199883846,31.30714285714285
FAC_034,Steel,Japan,12,1532.9781339275773,5636.712257199134,1352931.7284190177,240.02142857142854,3.6769684657911954,31.30714285714282
FAC_035,Textile,Germany,1,713.7453473050699,2835.5166773755764,533887.2829687158,188.28571428571433,3.9727287723581,2.842170943040401e-14
FAC_035,Textile,Germany,2,601.9269572378785,1877.6178043938503,353528.6094558707,188.2857142857143,3.1193449334946886,0.0
FAC_035,Textile,Germany,3,494.5305725239693,1764.7125566549946,332270.1642387547,188.2857142857143,3.568459979427179,0.0
FAC_035,Textile,Germany,4,469.11427948628625,1988.421606208632,374391.3824261396,188.2857142857143,4.238672095818734,0.0
FAC_035,Textile,Germany,5,386.85461015311967,1241.0933925145935,233680.15590489062,188.2857142857143,3.208164927964437,0.0
FAC_035,Textile,Germany,6,531.8461802338998,2220.873847041546,418158.8186286797,188.2857142857143,4.175782264836107,0.0
FAC_035,Textile,Germany,7,269.36671389740326,1111.1280117011177,209209.53134601045,188.2857142857143,4.12496405225601,0.0
FAC_035,Textile,Germany,8,629.405752345746,2156.7247319120725,406080.4566657303,188.2857142857143,3.4266047360929384,0.0
FAC_035,Textile,Germany,9,529.2424469786963,1509.3588741751819,284190.7137375557,188.2857142857143,2.8519233156594077,0.0
FAC_035,Textile,Germany,10,769.3169634919366,3291.7551716344483,619790.4737448862,188.2857142857143,4.27880227246406,0.0
FAC_035,Textile,Germany,11,628.2763815445526,2017.759824998395,379915.3499068407,188.2857142857143,3.211579941996134,0.0
FAC_035,Textile,Germany,12,747.9095792685839,2098.7217898179424,395159.33128286403,188.2857142857143,2.8061170066445484,0.0
FAC_036,Textile,Germany,1,742.2556162157981,2108.552705291486,397010.35222488263,188.2857142857143,2.840736613137947,0.0
FAC_036,Textile,Germany,2,871.997158662357,2386.7734130303456,449395.33691057086,188.2857142857143,2.7371343923776705,0.0
FAC_036,Textile,Germany,3,882.1639339022214,3179.504125201813,598655.2052879987,188.28571428571433,3.604210060070567,2.842170943040401e-14
FAC_036,Textile,Germany,4,777.7792608867226,3498.0573320883796,658634.2233846406,188.2857142857143,4.497493708048156,0.0
FAC_036,Textile,Germany,5,269.9899708832335,700.8731694042458,131964.40532497087,188.2857142857143,2.5959229785885736,0.0
FAC_036,Textile,Germany,6,470.30648454204527,1229.272883257691,231454.52287623385,188.2857142857143,2.6137697940837015,0.0
FAC_036,Textile,Germany,7,506.26262936388366,1805.3482490023516,339921.28459787136,188.2857142857143,3.5660310366395445,0.0
FAC_036,Textile,Germany,8,354.8047414434151,1439.2922180002004,270998.16333203774,188.2857142857143,4.056575490352463,0.0
FAC_036,Textile,Germany,9,529.23937314442,1393.9215620397897,262455.5169669204,188.28571428571428,2.633820597583191,-2.842170943040401e-14
FAC_036,Textile,Germany,10,569.6988579346815,2115.842188071109,398382.85769681743,188.2857142857143,3.713965999057171,0.0
FAC_036,Textile,Germany,11,612.2215260569735,2268.232575314874,427075.7906092863,188.2857142857143,3.7049213050764105,0.0
FAC_036,Textile,Germany,12,896.7865195913366,3711.676568414396,698855.6738814535,188.28571428571428,4.13886302629281,-2.842170943040401e-14
FAC_037,Steel,Germany,1,1056.153742406762,4401.991919315147,953157.021729424,216.5285714285714,4.167946145116991,28.242857142857105
FAC_037,Steel,Germany,2,1341.6848281858852,3356.3474804606426,726745.125162028,216.52857142857144,2.501591588390261,28.242857142857133
FAC_037,Steel,Germany,3,1251.1973297667787,4830.948246290163,1046038.3224145715,216.52857142857144,3.861060227159088,28.242857142857133
FAC_037,Steel,Germany,4,1298.0231116950565,4972.119989568956,1076606.0383128095,216.52857142857144,3.8305327114522534,28.242857142857133
FAC_037,Steel,Germany,5,1744.2517827126485,6077.169401345917,1315880.8088028582,216.52857142857144,3.4841124782425306,28.242857142857133
FAC_037,Steel,Germany,6,1945.863601866872,5225.70005511807,1131513.3676489228,216.52857142857147,2.6855428356358098,28.24285714285716
FAC_037,Steel,Germany,7,2041.4075310149756,5176.477342844135,1120855.244078408,216.52857142857144,2.535739319169858,28.242857142857133
FAC_037,Steel,Germany,8,2267.4217246210546,6589.385720130292,1426790.2765716405,216.52857142857144,2.9061138687076618,28.242857142857133
FAC_037,Steel,Germany,9,1716.5064133876633,5400.603237961169,1169384.9039682492,216.52857142857144,3.1462761780788484,28.242857142857133
FAC_037,Steel,Germany,10,1718.8578545137443,4529.111431852245,980682.0281797783,216.52857142857144,2.6349540306423456,28.242857142857133
FAC_037,Steel,Germany,11,1373.3558994796563,5590.674923121143,1210540.8544249595,216.5285714285714,4.07081290817578,28.242857142857105
FAC_037,Steel,Germany,12,897.7290330092546,3790.8858736085344,820835.1026612079,216.5285714285714,4.222750667761298,28.242857142857105
FAC_038,Textile,Germany,1,520.6359595630579,2276.572277388059,428646.037371066,188.2857142857143,4.372675831493977,0.0
FAC_038,Textile,Germany,2,967.917274455014,3892.053924871854,732818.1532830149,188.2857142857143,4.0210605054685855,0.0
FAC_038,Textile,Germany,3,409.7470901129952,1399.6978063587974,263543.1012544136,188.2857142857143,3.416004262465428,0.0
FAC_038,Textile,Germany,4,784.3720977595578,3248.5618423120254,611657.7868810357,188.28571428571428,4.141608111240901,-2.842170943040401e-14
FAC_038,Textile,Germany,5,542.0227145515997,1835.8089804639787,345656.6051787892,188.2857142857143,3.38695949667477,0.0
FAC_038,Textile,Germany,6,439.07634492629614,1904.030223561591,358501.6906648824,188.2857142857143,4.336444551302812,0.0
FAC_038,Textile,Germany,7,432.50224459674166,1473.0604122710347,277356.23191046057,188.2857142857143,3.4059023523554037,0.0
FAC_038,Textile,Germany,8,327.08006784539214,932.3511958071703,175548.41086769293,188.2857142857143,2.8505289299618357,0.0
FAC_038,Textile,Germany,9,282.7083718400051,730.0638957223254,137460.60208028927,188.2857142857143,2.582392204980385,0.0
FAC_038,Textile,Germany,10,620.1906749969171,1570.2985826724232,295664.790280322,188.2857142857143,2.531960969390952,0.0
FAC_038,Textile,Germany,11,557.5098471069871,1906.2455685503317,358918.80847847677,188.2857142857143,3.4192141689373963,0.0
FAC_038,Textile,Germany,12,751.0342573358015,3363.5356271932815,633305.708091535,188.2857142857143,4.478538221578595,0.0
FAC_039,Steel,India,1,2039.700832480417,6439.898161594648,2083169.05745812,323.4785714285714,3.1572758411650437,42.19285714285712
FAC_039,Steel,India,2,1227.3415119351448,4291.199481273578,1388111.0779174035,323.47857142857134,3.496336952302428,42.192857142857065
FAC_039,Steel,India,3,899.2791012169898,3704.553707160616,1198343.7409727343,323.4785714285714,4.119470476014913,42.19285714285712
FAC_039,Steel,India,4,1319.9714911553726,4274.980706771732,1382864.6519112242,323.4785714285714,3.2386916955530882,42.19285714285712
FAC_039,Steel,India,5,2010.4967617938999,5061.603388031609,1637320.2330984818,323.4785714285714,2.5175884309882237,42.19285714285712
FAC_039,Steel,India,6,1820.8127313520308,5979.755393420909,1934322.7321560907,323.4785714285714,3.2841133470000985,42.19285714285712
FAC_039,Steel,India,7,1730.7787263868001,6521.89473396966,2109693.1915520285,323.47857142857146,3.768185172685168,42.19285714285718
FAC_039,Steel,India,8,1451.3076175745557,4244.497849898782,1373004.100916901,323.4785714285714,2.9246024746926103,42.19285714285712
FAC_039,Steel,India,9,1703.5259224415215,6266.353873873031,2027031.1991863423,323.4785714285714,3.678461120739501,42.19285714285712
FAC_039,Steel,India,10,1582.2543050446864,5460.6707396767815,1766409.9699124454,323.47857142857134,3.451196639039993,42.192857142857065
FAC_039,Steel,India,11,1331.8223462469803,5885.97676682802,1903987.3559952895,323.4785714285714,4.419490920402753,42.19285714285712
FAC_039,Steel,India,12,891.1427722491385,2529.2144189856544,818146.6670900238,323.4785714285714,2.8381697049533576,42.19285714285712
FAC_040,Electronics,China,1,137.23555890688075,507.70929991840035,112758.60901687731,222.09285714285716,3.699546268929464,-39.19285714285712
FAC_040,Electronics,China,2,204.40698875124116,862.2131151700657,191491.37421416322,222.09285714285713,4.218119548834801,-39.19285714285715
FAC_040,Electronics,China,3,178.76315063404667,515.383504685314,114462.99507986048,222.09285714285713,2.883052255777124,-39.19285714285715
FAC_040,Electronics,China,4,203.54383243113594,652.2446237038201,144858.87203444913,222.09285714285713,3.2044430721058133,-39.19285714285715
FAC_040,Electronics,China,5,189.26080478556582,726.10295101356,161262.27897046154,222.0928571428571,3.836520466222476,-39.19285714285718
FAC_040,Electronics,China,6,79.7919772128643,223.04687915116665,49537.11866748017,222.09285714285713,2.795354707856599,-39.19285714285715
FAC_040,Electronics,China,7,158.28531426450414,677.9043428642462,150557.7123762715,222.09285714285716,4.28279999325413,-39.19285714285712
FAC_040,Electronics,China,8,228.42478385785657,744.3665970453135,165318.5042994995,222.09285714285713,3.2586945447588365,-39.19285714285715
FAC_040,Electronics,China,9,271.96785572520315,877.3136828337216,194845.1024310636,222.09285714285713,3.225799168414083,-39.19285714285715
FAC_040,Electronics,China,10,177.2722530639072,633.3091079575457,140653.42924088548,222.09285714285713,3.5725224732673526,-39.19285714285715
FAC_040,Electronics,China,11,280.131545148916,876.7349697127493,194716.5743805608,222.09285714285716,3.1297259623034703,-39.19285714285712
FAC_040,Electronics,China,12,171.7436499152636,636.3015881991731,141318.03772769208,222.09285714285716,3.7049497231083492,-39.19285714285712
FAC_041,Electronics,Germany,1,234.1397208161304,940.682410780811,150549.5006853918,160.04285714285714,4.017611396741724,-28.24285714285716
FAC_041,Electronics,Germany,2,220.1477149282345,636.110785729121,101804.98760747633,160.04285714285717,2.889472579520007,-28.242857142857133
FAC_041,Electronics,Germany,3,137.946310013593,536.7924619936994,85909.7993102202,160.04285714285714,3.891314395729793,-28.24285714285716
FAC_041,Electronics,Germany,4,131.7582651887746,549.1442949002849,87886.6219395413,160.04285714285714,4.167816676346694,-28.24285714285716
FAC_041,Electronics,Germany,5,150.10103326803946,673.9782835666357,107865.41015424315,160.04285714285714,4.490164184033927,-28.24285714285716
FAC_041,Electronics,Germany,6,232.27055064967968,1042.3997962269577,166828.64167329442,160.04285714285717,4.487868967078609,-28.242857142857133
FAC_041,Electronics,Germany,7,274.30213874252894,1157.2753410417051,185213.6520812889,160.04285714285714,4.218980378158737,-28.24285714285716
FAC_041,Electronics,Germany,8,206.269150638678,642.6020784556006,102843.87264197276,160.04285714285714,3.115357175156297,-28.24285714285716
FAC_041,Electronics,Germany,9,393.57223500175905,1237.4687092128938,198048.027847315,160.04285714285714,3.1441971743950967,-28.24285714285716
FAC_041,Electronics,Germany,10,307.59447204218486,1232.6188673440172,197271.84529792893,160.04285714285714,4.007285498859584,-28.24285714285716
FAC_041,Electronics,Germany,11,355.1227994664102,1462.724109535905,234098.54570186778,160.04285714285714,4.118924810611206,-28.24285714285716
FAC_041,Electronics,Germany,12,238.55310386746106,999.6459207095473,159986.18928155798,160.04285714285714,4.1904544711560145,-28.24285714285716
FAC_042,Steel,Germany,1,1522.0044670214388,3881.159527266267,840381.9279253545,216.52857142857144,2.55003162695159,28.242857142857133
FAC_042,Steel,Germany,2,1320.8585366464108,4116.4086757854675,891320.0899840047,216.52857142857144,3.116464452156102,28.242857142857133
FAC_042,Steel,Germany,3,1313.3789591438265,3926.178946071307,850129.9183657543,216.52857142857144,2.989372502686299,28.242857142857133
FAC_042,Steel,Germany,4,1492.8683539206706,4188.071995686296,906837.2462659598,216.52857142857144,2.8053860105529744,28.242857142857133
FAC_042,Steel,Germany,5,2401.68334211719,6900.091852620675,1494067.0315738798,216.52857142857144,2.8730231548918264,28.242857142857133
FAC_042,Steel,Germany,6,1630.651412083299,4965.01630658286,1075067.8879839487,216.5285714285714,3.0448054500131456,28.242857142857105
FAC_042,Steel,Germany,7,2137.7721395156104,8396.872002495675,1818162.6991689564,216.52857142857144,3.927861088318931,28.242857142857133
FAC_042,Steel,Germany,8,2227.457367748668,7401.739400729285,1602688.0585264824,216.5285714285714,3.322954462742584,28.242857142857105
FAC_042,Steel,Germany,9,1383.5236995379519,5257.887021066676,1138482.7654043946,216.52857142857144,3.8003592008019993,28.242857142857133
FAC_042,Steel,Germany,10,1800.2181464714845,7521.999816828269,1628727.874623801,216.52857142857144,4.178382398584169,28.242857142857133
FAC_042,Steel,Germany,11,1239.4341839948372,3197.631028778293,692378.478617037,216.5285714285714,2.5799119227710543,28.242857142857105
FAC_042,Steel,Germany,12,938.3630567065949,4141.818324439371,896822.0049075364,216.52857142857144,4.413876158952862,28.242857142857133
FAC_043,Steel,China,1,2023.2616564732152,8549.212916905337,2568855.2841104055,300.4785714285714,4.225460849096319,39.19285714285712
FAC_043,Steel,China,2,1746.888749036241,5572.950789095733,1674552.2917492155,300.4785714285714,3.190215056436955,39.19285714285712
FAC_043,Steel,China,3,1267.3190306037438,3937.5091423908416,1183137.1220925394,300.4785714285714,3.1069596899488157,39.19285714285712
FAC_043,Steel,China,4,1517.296313456387,4440.566562273201,1334295.096965334,300.4785714285714,2.9266310890571083,39.19285714285712
FAC_043,Steel,China,5,1731.403363529777,5781.963089418197,1737356.009161109,300.4785714285714,3.339466245248956,39.19285714285712
FAC_043,Steel,China,6,1502.1689521322453,6264.912236110092,1882471.8788317372,300.4785714285714,4.170577635236967,39.19285714285712
FAC_043,Steel,China,7,1698.6725033251757,5567.359293366231,1672872.1671002659,300.4785714285714,3.277476548580168,39.19285714285712
FAC_043,Steel,China,8,2133.824033007812,7505.770142417196,2255323.0898647443,300.47857142857146,3.517520670079414,39.19285714285718
FAC_043,Steel,China,9,1594.2857434259872,6955.017486839481,2089833.71870626,300.4785714285714,4.362466085843387,39.19285714285712
FAC_043,Steel,China,10,1656.8326922831159,5991.366174083216,1800277.14889399,300.4785714285714,3.6161564182000245,39.19285714285712
FAC_043,Steel,China,11,1000.1406886563927,3863.273920944667,1160831.0288027092,300.4785714285714,3.862730478583628,39.19285714285712
FAC_043,Steel,China,12,1273.689758398383,3207.728045869994,963853.5407543788,300.4785714285714,2.518453198448884,39.19285714285712
FAC_044,Textile,Japan,1,864.4240083639925,3020.924467216863,630510.0923719767,208.71428571428572,3.4947253176531503,0.0
FAC_044,Textile,Japan,2,632.7369511002996,2698.5380404362595,563223.4395824822,208.71428571428572,4.2648655744597015,0.0
FAC_044,Textile,Japan,3,529.1649922677746,5649.635771449199,1179159.694583897,208.7142857142857,10.676510831219728,-2.842170943040401e-14
FAC_044,Textile,Japan,4,776.0598932160747,3420.885827096374,713987.7419125433,208.71428571428572,4.408017805068962,0.0
FAC_044,Textile,Japan,5,484.15792417683105,1948.3420215328003,406646.8133513459,208.71428571428572,4.024186994037919,0.0
FAC_044,Textile,Japan,6,376.1000383406842,1253.7960246517719,261685.14171660555,208.71428571428572,3.333676939208501,0.0
FAC_044,Textile,Japan,7,624.3370595909023,2084.262372614678,435015.33234143496,208.71428571428572,3.3383608110343372,0.0
FAC_044,Textile,Japan,8,732.0033564673495,1972.5695001974343,411703.4342554931,208.71428571428572,2.694754720411476,0.0
FAC_044,Textile,Japan,9,673.3021928010513,2465.3321830683963,514550.045637561,208.71428571428572,3.6615537709927786,0.0
FAC_044,Textile,Japan,10,745.354454194284,2280.0428180817757,475877.5081739249,208.71428571428572,3.059004753042584,0.0
FAC_044,Textile,Japan,11,714.712653770165,1822.8908761204984,380463.3671445783,208.71428571428572,2.550522740159429,0.0
FAC_044,Textile,Japan,12,713.5775891974332,2874.0460890741947,599854.4765910569,208.71428571428572,4.02765744410031,0.0
FAC_045,Steel,India,1,1389.6947880456057,5023.57518386205,1625018.9239397189,323.4785714285714,3.6148766096525007,42.19285714285712
FAC_045,Steel,India,2,1238.4706786220695,5467.5703682625635,1768641.851910762,323.4785714285714,4.41477578972303,42.19285714285712
FAC_045,Steel,India,3,1339.9163294397752,5881.810807336904,1902639.757370474,323.4785714285714,4.389685145337482,42.19285714285712
FAC_045,Steel,India,4,2140.8257629142513,8379.01936479311,2710433.214095611,323.4785714285714,3.913919343621391,42.19285714285712
FAC_045,Steel,India,5,2420.670029435756,6072.7638683118375,1964408.9807445582,323.4785714285714,2.5087119658879584,42.19285714285712
FAC_045,Steel,India,6,1277.253417835001,5399.101069197035,1746493.5008623293,323.4785714285714,4.227118122219427,42.19285714285712
FAC_045,Steel,India,7,1607.417585158021,6074.015114542408,1964813.7320877283,323.47857142857134,3.7787412372655407,42.192857142857065
FAC_045,Steel,India,8,1957.8606142866472,5225.70005511807,1690401.9885437998,323.47857142857134,2.66908686807721,42.192857142857065
FAC_045,Steel,India,9,1088.410096363399,4507.053465496191,1457935.2163709,323.4785714285714,4.140951540742942,42.19285714285712
FAC_045,Steel,India,10,974.646225143302,2476.8435941526263,801205.8274884998,323.4785714285714,2.5412744955621784,42.19285714285712
FAC_045,Steel,India,11,1235.571562319213,4401.786350198394,1423883.5602959618,323.4785714285714,3.5625507129154705,42.19285714285712
FAC_045,Steel,India,12,1248.1692184473734,5225.70005511807,1690401.9885437998,323.47857142857134,4.186691978847579,42.192857142857065
FAC_046,Textile,India,1,681.0098830220194,1984.6496311098344,558253.5890936091,281.2857142857143,2.914274345480628,0.0
FAC_046,Textile,India,2,732.3187659141735,2228.1516934519545,626747.2406295569,281.2857142857143,3.0425981104969937,0.0
FAC_046,Textile,India,3,666.4433838810725,2308.425009849264,649326.9777704572,281.2857142857143,3.463797624347344,0.0
FAC_046,Textile,India,4,501.0370000586863,1417.8367593740702,398817.2256010777,281.2857142857143,2.829804503874962,0.0
FAC_046,Textile,India,5,561.9303185659173,1902.0462883233222,535018.4488155174,281.2857142857143,3.3848436816462724,0.0
FAC_046,Textile,India,6,411.1236946861018,1445.1857098031326,406510.0946574811,281.2857142857143,3.5152089954497763,0.0
FAC_046,Textile,India,7,364.0443123896182,1068.3382489306014,300508.2874491934,281.2857142857143,2.9346379343710582,0.0
FAC_046,Textile,India,8,621.4330201544507,2759.535174754828,776217.8227274652,281.2857142857143,4.44059952602611,0.0
FAC_046,Textile,India,9,314.5282703332651,1145.4191320027458,322190.0387019152,281.2857142857143,3.6417048642053467,0.0
FAC_046,Textile,India,10,858.301741434595,2759.4280422640545,776187.6878882748,281.2857142857143,3.214985953135609,0.0
FAC_046,Textile,India,11,601.2058097571262,2499.7703448859406,703149.6870114881,281.2857142857143,4.157927791642254,0.0
FAC_046,Textile,India,12,820.2440495545112,3397.639802339869,955707.5386867432,281.2857142857143,4.142230357154296,0.0
FAC_047,Electronics,India,1,308.2488713853282,1147.7292725707741,274413.87100543943,239.09285714285713,3.723385157624953,-42.19285714285715
FAC_047,Electronics,India,2,208.00651613706998,674.0316108343319,161156.1436389828,239.09285714285713,3.2404350755539095,-42.19285714285715
FAC_047,Electronics,India,3,194.00425378500643,726.9650919341607,173812.1608736583,239.09285714285713,3.7471605789622333,-42.19285714285715
FAC_047,Electronics,India,4,190.74714214245816,489.1104378113698,116942.81203471414,239.0928571428571,2.564182258867507,-42.19285714285718
FAC_047,Electronics,India,5,186.2446274890696,862.2131151700657,206148.99717205434,239.09285714285713,4.62946570214847,-42.19285714285715
FAC_047,Electronics,India,6,266.6488361197901,714.3328872997815,170791.8909756113,239.0928571428571,2.678927452654894,-42.19285714285718
FAC_047,Electronics,India,7,185.67526660742286,674.301499890898,161220.67218462875,239.09285714285713,3.6316172434349476,-42.19285714285715
FAC_047,Electronics,India,8,226.77084601122846,591.6683785054942,141463.68309796002,239.0928571428571,2.6091024878753504,-42.19285714285718
FAC_047,Electronics,India,9,304.15494148543723,892.6732601360618,213431.80026095998,239.09285714285716,2.934929334951484,-42.19285714285712
FAC_047,Electronics,India,10,342.97563583679204,975.1126477961452,233142.46899771687,239.0928571428571,2.8430959692430195,-42.19285714285718
FAC_047,Electronics,India,11,277.19587825971024,911.7707800410008,217997.88085937442,239.09285714285716,3.289265286934551,-42.19285714285712
FAC_047,Electronics,India,12,268.06716415528837,791.5843607085563,189262.16647141075,239.09285714285713,2.952932945752357,-42.19285714285715
FAC_048,Steel,United States,1,1374.488236175068,4250.9084596953535,938600.5879007339,220.79999999999998,3.092720874443277,28.799999999999983
FAC_048,Steel,United States,2,1421.371856801599,5225.70005511807,1153834.5721700697,220.79999999999995,3.6765185901999287,28.799999999999955
FAC_048,Steel,United States,3,1680.2024823941304,5169.9541613990295,1141525.8788369056,220.79999999999998,3.07698281342397,28.799999999999983
FAC_048,Steel,United States,4,1931.0509726597454,5390.466193790928,1190214.9355890367,220.79999999999995,2.791467584289779,28.799999999999955
FAC_048,Steel,United States,5,2533.3580476510447,6720.802627541081,1483953.2201610706,220.79999999999998,2.6529225246201094,28.799999999999983
FAC_048,Steel,United States,6,1914.622473648035,5624.539617091641,1241898.347453834,220.79999999999995,2.9376755441373765,28.799999999999955
FAC_048,Steel,United States,7,1594.1301420256061,5282.612543606825,1166400.8496283868,220.79999999999995,3.313790012711504,28.799999999999955
FAC_048,Steel,United States,8,1850.6123457310762,5235.4942325684615,1155997.1265511164,220.8,2.8290604699820063,28.80000000000001
FAC_048,Steel,United States,9,908.5003700276462,2659.7164910076694,587265.4012144933,220.79999999999995,2.9275898819135677,28.799999999999955
FAC_048,Steel,United States,10,1318.4569920371662,3536.5119229664188,780861.8325909851,220.79999999999995,2.6823111745966814,28.799999999999955
FAC_048,Steel,United States,11,1207.9638269753748,3175.4302156655185,701134.9916189465,220.8,2.628746113711443,28.80000000000001
FAC_048,Steel,United States,12,934.3900757342481,3290.6312140169603,726571.3720549447,220.79999999999998,3.521688959967995,28.799999999999983
FAC_049,Steel,United States,1,1139.3293806975355,4862.556861382852,1073652.5549933338,220.8,4.267911408030074,28.80000000000001
FAC_049,Steel,United States,2,1267.7812621400258,5481.78092710092,1210377.228703883,220.79999999999998,4.323916980637201,28.799999999999983
FAC_049,Steel,United States,3,1901.4150505694524,7115.708098222979,1571148.3480876337,220.79999999999998,3.7423223804249917,28.799999999999983
FAC_049,Steel,United States,4,1694.8843615127196,6520.516243064946,1439729.98646874,220.79999999999998,3.847174704736345,28.799999999999983
FAC_049,Steel,United States,5,1662.0723328236784,7353.73611701125,1623704.934636084,220.79999999999998,4.424438077564326,28.799999999999983
FAC_049,Steel,United States,6,1369.7829185892242,5303.787268234586,1171076.2288261964,220.79999999999995,3.871991098923249,28.799999999999955
FAC_049,Steel,United States,7,1683.4817725631913,6138.1196065106,1355296.8091175405,220.8,3.646086168883779,28.80000000000001
FAC_049,Steel,United States,8,1619.6795913593915,5801.030118357506,1280867.4501333372,220.79999999999998,3.5815911673547243,28.799999999999983
FAC_049,Steel,United States,9,1119.5637493085246,2858.8650245608146,631237.3974230278,220.79999999999998,2.5535526907927606,28.799999999999983
FAC_049,Steel,United States,10,1331.1864906337858,4655.194389806121,1027866.9212691913,220.79999999999995,3.4970264666596456,28.799999999999955
FAC_049,Steel,United States,11,1710.4512900013378,5896.7810045774695,1302009.2458107052,220.79999999999998,3.4475001065788065,28.799999999999983
FAC_049,Steel,United States,12,1359.3540933320558,5225.70005511807,1153834.5721700697,220.79999999999995,3.8442522671254897,28.799999999999955
FAC_050,Textile,China,1,820.195446207316,2098.7217898179424,548366.0219395738,261.2857142857143,2.5588069276935013,0.0
FAC_050,Textile,China,2,509.0553612846158,2209.9204276960377,577420.6374651504,261.2857142857143,4.341218255946151,0.0
FAC_050,Textile,China,3,689.1036327274727,1866.9153218254216,487798.3033740994,261.2857142857143,2.709193847137577,0.0
FAC_050,Textile,China,4,688.3919626455532,2575.5827718012642,672962.9842320732,261.2857142857143,3.7414480580265117,0.0
FAC_050,Textile,China,5,569.9272423377274,2255.5287020909727,589337.4280177698,261.2857142857143,3.9575730629040398,0.0
FAC_050,Textile,China,6,576.4586790088489,2506.723877892097,654971.1389520922,261.2857142857143,4.34848839851298,0.0
FAC_050,Textile,China,7,392.75611883053796,1185.151288933293,309663.10106557043,261.2857142857143,3.0175246981821027,0.0
FAC_050,Textile,China,8,419.45640031069433,1848.6679015840466,483030.51314246014,261.2857142857143,4.407294536964331,0.0
FAC_050,Textile,China,9,687.5656198896021,2098.7217898179424,548366.0219395738,261.2857142857143,3.05239489745709,0.0
FAC_050,Textile,China,10,735.4536857976827,3028.619894568454,791335.1124522432,261.2857142857143,4.118029391998455,0.0
FAC_050,Textile,China,11,573.6678700463929,6937.704509870635,1812723.0783647702,261.2857142857143,12.09359086000333,0.0
FAC_050,Textile,China,12,583.2403527344707,2231.2402492548504,582991.2022695887,261.2857142857143,3.8255930660385182,0.0
